"area","richness"
1,0.3978125
2,0.77875
4,1.4975
8,2.76375
16,5.045
32,8.765
64,14.56
